﻿회사명,팀,공고일시,자산,부채,순자산
오릭스 야구 클럽 주식회사,오릭스,2021-07-19,2237,2145,92
주식회사 라쿠텐 야구단,라쿠텐,2022-05-10,10916,10060,856
주식회사 치바 롯데 마린스,롯데,2022-04-05,4727,4063,665
주식회사 세이부 라이온스,세이부,2021-06-18,7207,4759,2448
주식회사 홋카이도 닛폰햄 파이터스,닛폰햄,2022-03-18,9578,446,9132
후쿠오카 소프트뱅크 호크스 주식회사,소프트뱅크,2021-06-04,113459,95352,18106
주식회사 히로시마 도요 카프,히로시마,2022-04-12,14149,8611,5537
주식회사 요코하마 DeNA 베이스타즈,DeNA,2022-04-12,14629,8572,6057
주식회사 한신 타이거스,한신,2021-07-02,16062,8631,7430
주식회사 야쿠르트 구단,야쿠르트,2022-04-14,5100,4063,1037
