﻿년,월,일,축일,요일,H팀,V팀,구장,연고지,시작,H스코어,V스코어,관중수,경기시간
2022,3,25,FALSE,금,H,F,PayPay 돔,TRUE,18:30,4,1,35141,3:25
2022,3,25,FALSE,금,L,B,베루나 돔,TRUE,18:00,0,6,22646,2:48
2022,3,25,FALSE,금,E,M,라쿠텐 생명 파크,TRUE,16:00,0,4,20564,2:58
2022,3,25,FALSE,금,DB,C,요코하마 스타디움,TRUE,18:30,3,11,32436,3:31
2022,3,25,FALSE,금,T,S,교세라 돔,TRUE,18:00,8,10,35510,3:55
2022,3,25,FALSE,금,G,D,도쿄 돔,TRUE,18:15,4,2,38156,3:19
2022,3,26,FALSE,토,H,F,PayPay 돔,TRUE,14:00,6,3,33380,3:04
2022,3,26,FALSE,토,L,B,베루나 돔,TRUE,14:00,5,0,18109,2:37
2022,3,26,FALSE,토,DB,C,요코하마 스타디움,TRUE,14:00,5,10,30663,3:15
2022,3,26,FALSE,토,T,S,교세라 돔,TRUE,14:00,0,6,28315,2:55
2022,3,26,FALSE,토,G,D,도쿄 돔,TRUE,14:00,7,5,34977,3:21
2022,3,27,FALSE,일,H,F,PayPay 돔,TRUE,13:00,6,4,32096,3:17
2022,3,27,FALSE,일,L,B,베루나 돔,TRUE,14:00,7,6,15655,3:15
2022,3,27,FALSE,일,E,M,라쿠텐 생명 파크,TRUE,13:00,6,5,19903,4:17
2022,3,27,FALSE,일,DB,C,요코하마 스타디움,TRUE,14:00,6,7,30431,3:21
2022,3,27,FALSE,일,T,S,교세라 돔,TRUE,14:00,0,4,29111,3:10
2022,3,27,FALSE,일,G,D,도쿄 돔,TRUE,14:00,5,7,33750,4:03
2022,3,29,FALSE,화,B,E,교세라 돔,TRUE,18:00,1,2,26237,3:11
2022,3,29,FALSE,화,M,H,ZOZO 마린,TRUE,18:30,1,2,23683,3:05
2022,3,29,FALSE,화,F,L,삿포로 돔,TRUE,18:30,0,4,20868,2:51
2022,3,29,FALSE,화,S,G,진구,TRUE,18:00,3,5,21434,3:07
2022,3,29,FALSE,화,C,T,마쓰다 스타디움,TRUE,18:00,3,2,28028,3:32
2022,3,29,FALSE,화,D,DB,반테린 돔,TRUE,18:15,0,4,28088,2:49
2022,3,30,FALSE,수,B,E,교세라 돔,TRUE,18:00,1,6,17835,2:59
2022,3,30,FALSE,수,M,H,ZOZO 마린,TRUE,14:00,3,4,23169,3:44
2022,3,30,FALSE,수,F,L,삿포로 돔,TRUE,18:00,3,5,17519,3:05
2022,3,30,FALSE,수,S,G,진구,TRUE,18:00,1,3,16011,2:49
2022,3,30,FALSE,수,C,T,마쓰다 스타디움,TRUE,18:00,8,3,23218,3:08
2022,3,30,FALSE,수,D,DB,반테린 돔,TRUE,18:00,6,7,23344,3:27
2022,3,31,FALSE,목,B,E,교세라 돔,TRUE,18:00,0,1,15111,2:45
2022,3,31,FALSE,목,M,H,ZOZO 마린,TRUE,14:00,1,3,17148,3:29
2022,3,31,FALSE,목,F,L,삿포로 돔,TRUE,18:00,6,2,12655,3:23
2022,3,31,FALSE,목,S,G,진구,TRUE,18:00,3,6,15742,3:15
2022,3,31,FALSE,목,C,T,마쓰다 스타디움,TRUE,18:00,3,2,21534,3:06
2022,3,31,FALSE,목,D,DB,반테린 돔,TRUE,18:00,0,1,20176,2:50
2022,4,1,FALSE,금,B,F,교세라 돔,TRUE,18:00,2,0,21027,2:58
2022,4,1,FALSE,금,E,H,라쿠텐 생명 파크,TRUE,18:00,0,1,17331,2:58
2022,4,1,FALSE,금,M,L,ZOZO 마린,TRUE,18:00,2,1,16866,3:47
2022,4,1,FALSE,금,S,DB,진구,TRUE,18:00,1,6,18215,2:45
2022,4,1,FALSE,금,G,T,도쿄 돔,TRUE,18:00,6,5,32984,3:13
2022,4,1,FALSE,금,D,C,반테린 돔,TRUE,18:00,3,2,17667,2:45
2022,4,2,FALSE,토,B,F,교세라 돔,TRUE,14:00,7,0,23169,2:54
2022,4,2,FALSE,토,M,L,ZOZO 마린,TRUE,14:00,8,1,22696,3:17
2022,4,2,FALSE,토,S,DB,진구,TRUE,14:00,3,2,20104,3:45
2022,4,2,FALSE,토,G,T,도쿄 돔,TRUE,14:00,5,4,36485,3:11
2022,4,2,FALSE,토,D,C,반테린 돔,TRUE,14:00,4,3,26186,3:57
2022,4,3,FALSE,일,B,F,교세라 돔,TRUE,13:00,4,2,22525,3:09
2022,4,3,FALSE,일,M,L,ZOZO 마린,TRUE,14:00,4,2,21315,2:48
2022,4,3,FALSE,일,G,T,도쿄 돔,TRUE,13:00,9,5,36790,3:16
2022,4,3,FALSE,일,D,C,반테린 돔,TRUE,14:00,1,0,23929,2:22
2022,4,5,FALSE,화,H,B,PayPay 돔,TRUE,18:00,6,3,25363,3:34
2022,4,5,FALSE,화,E,L,라쿠텐 생명 파크,TRUE,14:00,7,3,16893,2:49
2022,4,5,FALSE,화,F,M,삿포로 돔,TRUE,18:00,0,2,9133,3:04
2022,4,5,FALSE,화,S,D,진구,TRUE,18:00,6,7,13273,3:15
2022,4,5,FALSE,화,T,DB,고시엔,TRUE,18:00,4,0,37408,2:42
2022,4,5,FALSE,화,C,G,마쓰다 스타디움,TRUE,18:00,3,1,24148,2:56
2022,4,6,FALSE,수,H,B,PayPay 돔,TRUE,18:00,1,3,23095,3:38
2022,4,6,FALSE,수,E,L,라쿠텐 생명 파크,TRUE,14:00,7,2,16870,2:47
2022,4,6,FALSE,수,F,M,삿포로 돔,TRUE,18:00,3,2,7953,3:09
2022,4,6,FALSE,수,S,D,진구,TRUE,18:00,2,1,18051,2:51
2022,4,6,FALSE,수,T,DB,고시엔,TRUE,18:00,1,6,34125,4:36
2022,4,6,FALSE,수,C,G,마쓰다 스타디움,TRUE,18:00,1,2,23384,2:40
2022,4,7,FALSE,목,H,B,PayPay 돔,TRUE,18:00,7,3,21949,3:08
2022,4,7,FALSE,목,S,D,진구,TRUE,18:00,3,11,18036,3:08
2022,4,7,FALSE,목,C,G,마쓰다 스타디움,TRUE,18:00,9,2,22820,3:20
2022,4,8,FALSE,금,L,H,베루나 돔,TRUE,18:00,1,8,9502,3:01
2022,4,8,FALSE,금,M,B,ZOZO 마린,TRUE,18:00,5,0,19436,2:48
2022,4,8,FALSE,금,F,E,삿포로 돔,TRUE,18:00,0,3,9854,3:01
2022,4,8,FALSE,금,T,C,고시엔,TRUE,18:00,3,3,34502,4:53
2022,4,8,FALSE,금,G,S,도쿄 돔,TRUE,18:00,2,7,24136,3:38
2022,4,9,FALSE,토,L,H,베루나 돔,TRUE,18:00,0,0,15666,4:02
2022,4,9,FALSE,토,M,B,ZOZO 마린,TRUE,14:00,2,4,20585,3:03
2022,4,9,FALSE,토,F,E,삿포로 돔,TRUE,14:00,5,8,13994,3:13
2022,4,9,FALSE,토,T,C,고시엔,TRUE,14:00,1,9,38634,3:23
2022,4,9,FALSE,토,G,S,도쿄 돔,TRUE,14:00,3,2,31428,3:22
2022,4,10,FALSE,일,L,H,베루나 돔,TRUE,13:00,6,0,21115,3:17
2022,4,10,FALSE,일,M,B,ZOZO 마린,TRUE,14:00,6,0,22431,2:30
2022,4,10,FALSE,일,F,E,삿포로 돔,TRUE,14:00,3,2,12141,3:59
2022,4,10,FALSE,일,T,C,고시엔,TRUE,14:00,0,1,38051,2:24
2022,4,10,FALSE,일,G,S,도쿄 돔,TRUE,14:00,1,2,30502,2:42
2022,4,12,FALSE,화,H,M,나가사키,FALSE,18:00,0,3,16382,2:51
2022,4,12,FALSE,화,L,F,베루나 돔,TRUE,18:00,0,3,10349,2:57
2022,4,12,FALSE,화,S,C,마쓰야마,FALSE,18:00,3,1,11891,3:16
2022,4,12,FALSE,화,G,DB,나하,FALSE,18:00,10,4,8992,3:04
2022,4,12,FALSE,화,D,T,반테린 돔,TRUE,18:00,2,1,17033,2:54
2022,4,13,FALSE,수,L,F,베루나 돔,TRUE,18:00,4,3,10179,2:32
2022,4,13,FALSE,수,S,C,마쓰야마,FALSE,18:00,1,5,11535,2:57
2022,4,13,FALSE,수,G,DB,나하,FALSE,18:00,4,3,9260,2:57
2022,4,13,FALSE,수,D,T,반테린 돔,TRUE,18:00,1,0,16872,3:00
2022,4,14,FALSE,목,H,M,PayPay 돔,TRUE,18:00,4,0,26806,2:53
2022,4,14,FALSE,목,D,T,반테린 돔,TRUE,18:00,4,1,16836,2:55
2022,4,15,FALSE,금,B,L,교세라 돔,TRUE,18:00,1,6,14503,2:48
2022,4,15,FALSE,금,DB,S,요코하마 스타디움,TRUE,18:00,2,3,19677,2:39
2022,4,15,FALSE,금,T,G,고시엔,TRUE,18:00,4,1,34153,2:54
2022,4,16,FALSE,토,B,L,교세라 돔,TRUE,14:00,3,0,15097,2:52
2022,4,16,FALSE,토,H,E,기타큐슈,FALSE,13:00,5,6,18709,3:38
2022,4,16,FALSE,토,M,F,ZOZO 마린,TRUE,14:00,4,11,22230,3:50
2022,4,16,FALSE,토,DB,S,요코하마 스타디움,TRUE,14:00,6,0,23316,2:14
2022,4,16,FALSE,토,T,G,고시엔,TRUE,14:00,2,1,40354,2:59
2022,4,16,FALSE,토,C,D,마쓰다 스타디움,TRUE,14:00,3,2,30022,3:18
2022,4,17,FALSE,일,B,L,교세라 돔,TRUE,13:00,4,3,14683,3:01
2022,4,17,FALSE,일,H,E,가고시마,FALSE,14:00,4,14,17796,3:31
2022,4,17,FALSE,일,M,F,ZOZO 마린,TRUE,14:00,0,1,29426,3:31
2022,4,17,FALSE,일,DB,S,요코하마 스타디움,TRUE,14:00,4,5,21772,3:44
2022,4,17,FALSE,일,T,G,고시엔,TRUE,14:00,1,3,41175,3:04
2022,4,17,FALSE,일,C,D,마쓰다 스타디움,TRUE,13:30,4,10,29729,3:30
2022,4,19,FALSE,화,B,H,교세라 돔,TRUE,18:00,0,3,16000,2:31
2022,4,19,FALSE,화,L,M,베루나 돔,TRUE,18:00,4,0,7241,2:35
2022,4,19,FALSE,화,E,F,라쿠텐 생명 파크,TRUE,18:00,0,2,15119,2:25
2022,4,19,FALSE,화,DB,T,요코하마 스타디움,TRUE,18:00,5,4,17596,3:24
2022,4,19,FALSE,화,G,C,도쿄 돔,TRUE,18:00,3,1,24554,2:57
2022,4,19,FALSE,화,D,S,반테린 돔,TRUE,18:00,4,12,18190,3:21
2022,4,20,FALSE,수,B,H,교세라 돔,TRUE,18:00,3,2,15897,2:43
2022,4,20,FALSE,수,L,M,베루나 돔,TRUE,18:00,3,0,7261,2:51
2022,4,20,FALSE,수,E,F,라쿠텐 생명 파크,TRUE,18:00,4,2,14453,2:42
2022,4,20,FALSE,수,DB,T,요코하마 스타디움,TRUE,18:00,1,0,19143,3:22
2022,4,20,FALSE,수,G,C,도쿄 돔,TRUE,18:00,5,3,24580,2:35
2022,4,20,FALSE,수,D,S,반테린 돔,TRUE,18:00,4,1,17079,3:21
2022,4,21,FALSE,목,B,H,교세라 돔,TRUE,18:00,3,2,15356,3:57
2022,4,21,FALSE,목,E,F,라쿠텐 생명 파크,TRUE,18:00,8,5,15131,3:41
2022,4,21,FALSE,목,DB,T,요코하마 스타디움,TRUE,18:00,7,5,16995,2:46
2022,4,21,FALSE,목,G,C,도쿄 돔,TRUE,18:00,8,4,24049,3:00
2022,4,22,FALSE,금,B,M,교세라 돔,TRUE,18:00,0,4,15388,2:28
2022,4,22,FALSE,금,L,E,베루나 돔,TRUE,18:00,3,0,10224,2:39
2022,4,22,FALSE,금,F,H,삿포로 돔,TRUE,18:00,12,5,12353,3:15
2022,4,22,FALSE,금,S,T,진구,TRUE,18:00,0,6,20207,2:58
2022,4,22,FALSE,금,C,DB,마쓰다 스타디움,TRUE,18:00,6,1,24500,3:30
2022,4,22,FALSE,금,D,G,반테린 돔,TRUE,18:00,2,7,19969,3:04
2022,4,23,FALSE,토,B,M,교세라 돔,TRUE,14:00,3,2,14660,4:06
2022,4,23,FALSE,토,L,E,베루나 돔,TRUE,14:00,3,7,26257,3:14
2022,4,23,FALSE,토,F,H,삿포로 돔,TRUE,14:00,3,9,15115,3:51
2022,4,23,FALSE,토,S,T,진구,TRUE,18:00,1,0,26197,2:31
2022,4,23,FALSE,토,C,DB,마쓰다 스타디움,TRUE,14:00,6,0,29818,2:56
2022,4,23,FALSE,토,D,G,반테린 돔,TRUE,14:00,0,3,30650,2:34
2022,4,24,FALSE,일,B,M,교세라 돔,TRUE,13:00,3,6,28967,3:51
2022,4,24,FALSE,일,L,E,베루나 돔,TRUE,14:00,6,3,14901,3:24
2022,4,24,FALSE,일,F,H,삿포로 돔,TRUE,14:00,4,11,12853,3:50
2022,4,24,FALSE,일,S,T,진구,TRUE,18:00,3,11,16091,3:30
2022,4,24,FALSE,일,C,DB,마쓰다 스타디움,TRUE,13:30,5,4,28871,3:59
2022,4,24,FALSE,일,D,G,반테린 돔,TRUE,14:00,7,6,30507,3:00
2022,4,26,FALSE,화,H,L,PayPay 돔,TRUE,18:00,3,0,26041,2:57
2022,4,26,FALSE,화,M,E,ZOZO 마린,TRUE,18:00,2,3,15524,3:47
2022,4,26,FALSE,화,F,B,도쿄 돔,TRUE,18:00,2,3,21552,3:30
2022,4,26,FALSE,화,DB,G,요코하마 스타디움,TRUE,18:00,6,4,18940,3:08
2022,4,27,FALSE,수,H,L,PayPay 돔,TRUE,18:00,2,8,27526,3:03
2022,4,27,FALSE,수,M,E,ZOZO 마린,TRUE,18:00,3,3,13258,4:07
2022,4,27,FALSE,수,F,B,도쿄 돔,TRUE,18:00,2,4,15329,3:33
2022,4,27,FALSE,수,DB,G,요코하마 스타디움,TRUE,18:00,2,8,19862,3:08
2022,4,27,FALSE,수,T,D,고시엔,TRUE,18:00,3,1,31726,3:06
2022,4,27,FALSE,수,C,S,마쓰다 스타디움,TRUE,18:00,2,8,23606,2:58
2022,4,28,FALSE,목,H,L,PayPay 돔,TRUE,18:00,2,4,30505,3:22
2022,4,28,FALSE,목,M,E,ZOZO 마린,TRUE,18:00,1,2,17531,3:25
2022,4,28,FALSE,목,F,B,도쿄 돔,TRUE,18:00,6,2,21014,3:06
2022,4,28,FALSE,목,DB,G,요코하마 스타디움,TRUE,18:00,0,7,26021,2:51
2022,4,28,FALSE,목,T,D,고시엔,TRUE,18:00,3,2,35221,2:49
2022,4,28,FALSE,목,C,S,마쓰다 스타디움,TRUE,18:00,5,9,24394,3:45
2022,4,29,TRUE,금,B,L,교세라 돔,TRUE,18:00,1,0,17476,2:57
2022,4,29,TRUE,금,G,T,도쿄 돔,TRUE,18:00,2,3,39292,3:09
2022,4,29,TRUE,금,D,C,반테린 돔,TRUE,18:00,0,1,24650,2:50
2022,4,30,FALSE,토,B,L,교세라 돔,TRUE,14:00,3,2,17664,2:58
2022,4,30,FALSE,토,E,H,라쿠텐 생명 파크,TRUE,14:00,7,6,25602,4:16
2022,4,30,FALSE,토,M,F,ZOZO 마린,TRUE,14:00,7,3,20345,3:26
2022,4,30,FALSE,토,S,DB,진구,TRUE,18:00,2,0,23907,2:52
2022,4,30,FALSE,토,G,T,도쿄 돔,TRUE,14:00,3,10,40024,3:43
2022,4,30,FALSE,토,D,C,반테린 돔,TRUE,14:00,4,2,28349,3:00
2022,5,1,FALSE,일,B,L,교세라 돔,TRUE,13:00,1,2,19468,3:14
2022,5,1,FALSE,일,E,H,라쿠텐 생명 파크,TRUE,13:00,2,1,24250,2:30
2022,5,1,FALSE,일,M,F,ZOZO 마린,TRUE,14:00,3,9,28485,3:07
2022,5,1,FALSE,일,G,T,도쿄 돔,TRUE,14:00,1,8,40128,3:09
2022,5,1,FALSE,일,D,C,반테린 돔,TRUE,14:00,4,0,31320,3:04
2022,5,3,TRUE,화,H,B,PayPay 돔,TRUE,14:00,7,3,33102,3:39
2022,5,3,TRUE,화,L,M,베루나 돔,TRUE,13:00,4,2,21592,2:58
2022,5,3,TRUE,화,F,E,삿포로 돔,TRUE,14:00,1,2,20087,2:56
2022,5,3,TRUE,화,DB,D,요코하마 스타디움,TRUE,14:00,3,7,31614,3:47
2022,5,3,TRUE,화,T,S,고시엔,TRUE,14:00,0,3,42483,2:24
2022,5,3,TRUE,화,C,G,마쓰다 스타디움,TRUE,14:00,12,3,30580,2:49
2022,5,4,TRUE,수,H,B,PayPay 돔,TRUE,13:00,2,1,31736,3:12
2022,5,4,TRUE,수,L,M,베루나 돔,TRUE,13:00,5,7,19827,3:19
2022,5,4,TRUE,수,F,E,삿포로 돔,TRUE,14:00,1,5,20184,3:01
2022,5,4,TRUE,수,DB,D,요코하마 스타디움,TRUE,14:00,7,1,29300,2:57
2022,5,4,TRUE,수,T,S,고시엔,TRUE,14:00,0,3,42435,2:58
2022,5,4,TRUE,수,C,G,마쓰다 스타디움,TRUE,14:00,3,6,30534,3:35
2022,5,5,TRUE,목,H,B,PayPay 돔,TRUE,13:00,9,3,30254,3:04
2022,5,5,TRUE,목,L,M,베루나 돔,TRUE,13:00,7,0,23646,2:26
2022,5,5,TRUE,목,F,E,삿포로 돔,TRUE,13:00,4,8,16420,3:08
2022,5,5,TRUE,목,DB,D,요코하마 스타디움,TRUE,14:00,10,2,25593,3:02
2022,5,5,TRUE,목,T,S,고시엔,TRUE,14:00,3,2,42417,3:30
2022,5,5,TRUE,목,C,G,마쓰다 스타디움,TRUE,14:00,3,0,30578,2:28
2022,5,6,FALSE,금,B,E,교세라 돔,TRUE,18:00,2,3,16430,2:55
2022,5,6,FALSE,금,L,F,베루나 돔,TRUE,18:00,5,0,15668,2:54
2022,5,6,FALSE,금,M,H,ZOZO 마린,TRUE,18:00,3,5,29340,4:18
2022,5,6,FALSE,금,G,S,도쿄 돔,TRUE,18:00,2,13,31336,3:11
2022,5,6,FALSE,금,C,DB,마쓰다 스타디움,TRUE,18:00,3,4,27686,4:18
2022,5,6,FALSE,금,D,T,반테린 돔,TRUE,18:00,1,0,25397,2:36
2022,5,7,FALSE,토,B,E,교세라 돔,TRUE,14:00,1,7,18340,3:23
2022,5,7,FALSE,토,L,F,베루나 돔,TRUE,14:00,2,3,21577,3:11
2022,5,7,FALSE,토,M,H,ZOZO 마린,TRUE,14:00,0,16,27296,3:12
2022,5,7,FALSE,토,G,S,도쿄 돔,TRUE,14:00,2,6,37891,3:12
2022,5,7,FALSE,토,C,DB,마쓰다 스타디움,TRUE,14:00,2,1,30480,3:26
2022,5,7,FALSE,토,D,T,반테린 돔,TRUE,14:00,2,1,36177,2:23
2022,5,8,FALSE,일,B,E,교세라 돔,TRUE,14:00,1,2,16296,3:26
2022,5,8,FALSE,일,L,F,베루나 돔,TRUE,13:00,5,1,18793,3:02
2022,5,8,FALSE,일,M,H,ZOZO 마린,TRUE,13:00,4,8,25911,3:09
2022,5,8,FALSE,일,G,S,도쿄 돔,TRUE,14:00,3,4,36772,3:12
2022,5,8,FALSE,일,C,DB,마쓰다 스타디움,TRUE,13:30,17,3,29575,2:57
2022,5,8,FALSE,일,D,T,반테린 돔,TRUE,14:00,3,4,29772,3:04
2022,5,10,FALSE,화,E,M,라쿠텐 생명 파크,TRUE,18:00,7,0,22005,2:54
2022,5,10,FALSE,화,F,B,삿포로 돔,TRUE,18:00,2,4,10356,3:28
2022,5,10,FALSE,화,S,D,진구,TRUE,18:00,0,1,12926,3:09
2022,5,10,FALSE,화,DB,G,니이가타,FALSE,18:00,3,1,16352,2:32
2022,5,10,FALSE,화,T,C,고시엔,TRUE,18:00,0,3,31560,2:55
2022,5,11,FALSE,수,H,L,PayPay 돔,TRUE,18:00,2,0,27420,2:37
2022,5,11,FALSE,수,E,M,라쿠텐 생명 파크,TRUE,14:00,1,3,23110,3:06
2022,5,11,FALSE,수,F,B,삿포로 돔,TRUE,18:00,5,2,10308,3:27
2022,5,11,FALSE,수,S,D,진구,TRUE,18:00,0,2,13996,2:53
2022,5,11,FALSE,수,T,C,고시엔,TRUE,18:00,2,3,30917,3:12
2022,5,12,FALSE,목,E,M,라쿠텐 생명 파크,TRUE,14:00,2,5,20089,3:09
2022,5,12,FALSE,목,S,D,진구,TRUE,18:00,3,1,12101,2:58
2022,5,12,FALSE,목,DB,G,요코하마 스타디움,TRUE,18:00,1,4,18821,3:10
2022,5,13,FALSE,금,B,M,교세라 돔,TRUE,18:00,1,4,19671,2:54
2022,5,13,FALSE,금,L,E,베루나 돔,TRUE,18:00,4,2,10121,2:59
2022,5,13,FALSE,금,F,H,삿포로 돔,TRUE,18:00,1,0,9526,2:29
2022,5,13,FALSE,금,G,D,도쿄 돔,TRUE,18:00,5,2,34852,2:54
2022,5,14,FALSE,토,B,M,교세라 돔,TRUE,14:00,1,0,17671,2:47
2022,5,14,FALSE,토,L,E,베루나 돔,TRUE,14:00,5,4,12091,3:04
2022,5,14,FALSE,토,F,H,삿포로 돔,TRUE,14:00,2,0,11825,3:07
2022,5,14,FALSE,토,DB,T,요코하마 스타디움,TRUE,14:00,2,9,32481,2:56
2022,5,14,FALSE,토,G,D,도쿄 돔,TRUE,14:00,7,6,35194,3:38
2022,5,14,FALSE,토,C,S,마쓰다 스타디움,TRUE,14:00,3,5,30518,3:26
2022,5,15,FALSE,일,B,M,교세라 돔,TRUE,13:00,8,5,20275,2:56
2022,5,15,FALSE,일,L,E,베루나 돔,TRUE,13:00,1,3,21224,3:36
2022,5,15,FALSE,일,F,H,삿포로 돔,TRUE,14:00,10,2,14479,3:02
2022,5,15,FALSE,일,DB,T,요코하마 스타디움,TRUE,14:00,1,8,32183,3:47
2022,5,15,FALSE,일,G,D,도쿄 돔,TRUE,14:00,3,9,33940,3:28
2022,5,15,FALSE,일,C,S,마쓰다 스타디움,TRUE,13:30,5,5,30420,4:44
2022,5,17,FALSE,화,B,F,홋토못토,FALSE,18:00,3,0,21152,3:20
2022,5,17,FALSE,화,L,H,나하,FALSE,18:30,1,5,9841,3:30
2022,5,17,FALSE,화,M,E,ZOZO 마린,TRUE,18:00,6,3,21001,3:39
2022,5,17,FALSE,화,S,T,진구,TRUE,18:00,2,1,14212,2:51
2022,5,17,FALSE,화,G,C,우쓰노미야,FALSE,18:00,3,2,14506,2:35
2022,5,17,FALSE,화,D,DB,반테린 돔,TRUE,18:00,0,4,16466,2:41
2022,5,18,FALSE,수,B,F,홋토못토,FALSE,18:00,4,11,21198,3:29
2022,5,18,FALSE,수,L,H,나하,FALSE,18:30,2,3,12404,3:22
2022,5,18,FALSE,수,M,E,ZOZO 마린,TRUE,18:00,1,0,20084,3:19
2022,5,18,FALSE,수,S,T,진구,TRUE,18:00,1,8,15804,2:41
2022,5,18,FALSE,수,G,C,도쿄 돔,TRUE,18:00,4,2,28344,3:13
2022,5,18,FALSE,수,D,DB,반테린 돔,TRUE,18:00,6,7,21229,3:17
2022,5,19,FALSE,목,M,E,ZOZO 마린,TRUE,18:00,2,7,19930,3:11
2022,5,19,FALSE,목,S,T,진구,TRUE,18:00,3,0,15549,3:04
2022,5,19,FALSE,목,G,C,도쿄 돔,TRUE,18:00,2,1,27324,3:09
2022,5,20,FALSE,금,H,M,PayPay 돔,TRUE,18:00,1,8,36956,3:35
2022,5,20,FALSE,금,E,B,라쿠텐 생명 파크,TRUE,18:00,0,1,17239,3:01
2022,5,20,FALSE,금,F,L,삿포로 돔,TRUE,18:00,5,3,9731,3:03
2022,5,20,FALSE,금,DB,S,요코하마 스타디움,TRUE,18:00,3,1,25126,2:35
2022,5,20,FALSE,금,T,G,고시엔,TRUE,18:00,2,6,39180,5:03
2022,5,20,FALSE,금,C,D,마쓰다 스타디움,TRUE,18:00,11,5,25616,3:00
2022,5,21,FALSE,토,H,M,PayPay 돔,TRUE,14:00,2,4,31549,3:47
2022,5,21,FALSE,토,E,B,라쿠텐 생명 파크,TRUE,14:00,0,6,18306,3:28
2022,5,21,FALSE,토,F,L,삿포로 돔,TRUE,14:00,4,0,12988,3:03
2022,5,21,FALSE,토,DB,S,요코하마 스타디움,TRUE,14:00,2,9,24873,3:20
2022,5,21,FALSE,토,T,G,고시엔,TRUE,14:00,2,1,42445,3:23
2022,5,21,FALSE,토,C,D,마쓰다 스타디움,TRUE,14:00,10,1,30132,2:59
2022,5,22,FALSE,일,H,M,PayPay 돔,TRUE,13:00,3,2,34933,2:36
2022,5,22,FALSE,일,E,B,라쿠텐 생명 파크,TRUE,13:00,1,6,17896,3:00
2022,5,22,FALSE,일,F,L,삿포로 돔,TRUE,14:00,0,3,14550,2:50
2022,5,22,FALSE,일,DB,S,요코하마 스타디움,TRUE,14:00,3,5,23258,3:04
2022,5,22,FALSE,일,T,G,고시엔,TRUE,14:00,4,0,42352,2:42
2022,5,22,FALSE,일,C,D,마쓰다 스타디움,TRUE,13:30,1,0,29809,2:40
2022,5,24,FALSE,화,S,F,진구,TRUE,18:00,3,1,20794,4:10
2022,5,24,FALSE,화,DB,H,요코하마 스타디움,TRUE,18:00,4,3,20313,3:08
2022,5,24,FALSE,화,T,E,고시엔,TRUE,18:00,1,0,33186,3:01
2022,5,24,FALSE,화,G,B,도쿄 돔,TRUE,18:00,4,2,30342,2:42
2022,5,24,FALSE,화,C,M,마쓰다 스타디움,TRUE,18:00,0,7,23671,2:55
2022,5,24,FALSE,화,D,L,반테린 돔,TRUE,18:00,5,8,18075,3:34
2022,5,25,FALSE,수,S,F,진구,TRUE,18:00,7,6,21077,3:32
2022,5,25,FALSE,수,DB,H,요코하마 스타디움,TRUE,18:00,2,8,20806,3:10
2022,5,25,FALSE,수,T,E,고시엔,TRUE,18:00,1,6,31493,3:11
2022,5,25,FALSE,수,G,B,도쿄 돔,TRUE,18:00,5,3,27789,2:50
2022,5,25,FALSE,수,C,M,마쓰다 스타디움,TRUE,18:00,5,2,25002,3:06
2022,5,25,FALSE,수,D,L,반테린 돔,TRUE,18:00,1,2,16920,3:01
2022,5,26,FALSE,목,S,F,진구,TRUE,18:00,6,9,22046,4:00
2022,5,26,FALSE,목,DB,H,요코하마 스타디움,TRUE,18:00,5,1,20281,3:28
2022,5,26,FALSE,목,T,E,고시엔,TRUE,18:00,0,1,26255,3:01
2022,5,26,FALSE,목,G,B,도쿄 돔,TRUE,18:00,2,3,29624,3:02
2022,5,26,FALSE,목,C,M,마쓰다 스타디움,TRUE,18:00,3,6,24077,3:22
2022,5,26,FALSE,목,D,L,반테린 돔,TRUE,18:00,6,3,17463,3:19
2022,5,27,FALSE,금,B,D,교세라 돔,TRUE,18:00,1,4,11549,3:11
2022,5,27,FALSE,금,H,C,PayPay 돔,TRUE,18:00,7,0,32823,2:57
2022,5,27,FALSE,금,L,DB,베루나 돔,TRUE,18:00,0,1,12234,2:49
2022,5,27,FALSE,금,E,S,라쿠텐 생명 파크,TRUE,18:00,1,8,17688,2:38
2022,5,27,FALSE,금,M,T,ZOZO 마린,TRUE,18:00,0,1,22418,2:42
2022,5,27,FALSE,금,F,G,삿포로 돔,TRUE,18:00,3,2,17382,2:27
2022,5,28,FALSE,토,B,D,교세라 돔,TRUE,14:00,1,4,21821,3:01
2022,5,28,FALSE,토,H,C,PayPay 돔,TRUE,14:00,11,1,35544,2:45
2022,5,28,FALSE,토,L,DB,베루나 돔,TRUE,14:00,10,5,18824,3:15
2022,5,28,FALSE,토,E,S,라쿠텐 생명 파크,TRUE,14:00,4,11,23629,3:48
2022,5,28,FALSE,토,M,T,ZOZO 마린,TRUE,14:00,2,6,27781,3:12
2022,5,28,FALSE,토,F,G,삿포로 돔,TRUE,14:00,4,8,27235,3:39
2022,5,29,FALSE,일,B,D,교세라 돔,TRUE,13:00,8,0,19661,2:41
2022,5,29,FALSE,일,H,C,PayPay 돔,TRUE,13:00,8,0,36167,2:55
2022,5,29,FALSE,일,L,DB,베루나 돔,TRUE,13:00,3,2,22907,2:48
2022,5,29,FALSE,일,E,S,라쿠텐 생명 파크,TRUE,13:00,3,1,22534,3:03
2022,5,29,FALSE,일,M,T,ZOZO 마린,TRUE,14:00,3,2,26774,2:50
2022,5,29,FALSE,일,F,G,삿포로 돔,TRUE,14:00,7,2,23431,3:05
2022,5,31,FALSE,화,S,M,진구,TRUE,18:00,1,0,16502,2:39
2022,5,31,FALSE,화,DB,B,요코하마 스타디움,TRUE,18:00,4,1,17604,2:58
2022,5,31,FALSE,화,T,L,고시엔,TRUE,18:00,0,2,30086,3:14
2022,5,31,FALSE,화,G,H,도쿄 돔,TRUE,18:00,1,3,30662,3:22
2022,5,31,FALSE,화,C,F,마쓰다 스타디움,TRUE,18:00,1,0,28823,2:42
2022,5,31,FALSE,화,D,E,반테린 돔,TRUE,18:00,2,0,18827,2:43
2022,6,1,FALSE,수,S,M,진구,TRUE,18:00,3,4,18059,2:55
2022,6,1,FALSE,수,DB,B,요코하마 스타디움,TRUE,18:00,1,5,18186,3:02
2022,6,1,FALSE,수,T,L,고시엔,TRUE,18:00,5,4,30746,3:23
2022,6,1,FALSE,수,G,H,도쿄 돔,TRUE,18:00,3,6,32058,2:44
2022,6,1,FALSE,수,C,F,마쓰다 스타디움,TRUE,18:00,1,5,29368,3:27
2022,6,1,FALSE,수,D,E,반테린 돔,TRUE,18:00,0,2,16536,3:24
2022,6,2,FALSE,목,S,M,진구,TRUE,18:00,7,3,17531,3:03
2022,6,2,FALSE,목,DB,B,요코하마 스타디움,TRUE,18:00,1,3,16763,3:10
2022,6,2,FALSE,목,T,L,고시엔,TRUE,18:00,6,1,32831,3:10
2022,6,2,FALSE,목,G,H,도쿄 돔,TRUE,18:00,3,0,31807,2:59
2022,6,2,FALSE,목,C,F,마쓰다 스타디움,TRUE,18:00,6,3,29180,3:36
2022,6,2,FALSE,목,D,E,반테린 돔,TRUE,18:00,3,2,16214,2:56
2022,6,3,FALSE,금,S,L,진구,TRUE,18:00,1,0,19182,2:37
2022,6,3,FALSE,금,DB,E,요코하마 스타디움,TRUE,18:00,7,0,26201,3:06
2022,6,3,FALSE,금,T,F,고시엔,TRUE,18:00,9,7,42574,3:43
2022,6,3,FALSE,금,G,M,도쿄 돔,TRUE,18:00,10,3,40392,3:19
2022,6,3,FALSE,금,C,B,마쓰다 스타디움,TRUE,18:00,1,4,28517,3:27
2022,6,3,FALSE,금,D,H,반테린 돔,TRUE,18:00,0,6,29449,3:39
2022,6,4,FALSE,토,S,L,진구,TRUE,14:00,3,2,29538,2:59
2022,6,4,FALSE,토,DB,E,요코하마 스타디움,TRUE,14:00,6,1,31130,3:28
2022,6,4,FALSE,토,T,F,고시엔,TRUE,14:00,3,0,42594,3:00
2022,6,4,FALSE,토,G,M,도쿄 돔,TRUE,18:00,2,1,40444,2:21
2022,6,4,FALSE,토,C,B,마쓰다 스타디움,TRUE,14:00,2,3,30533,3:00
2022,6,4,FALSE,토,D,H,반테린 돔,TRUE,14:00,4,2,36205,3:10
2022,6,5,FALSE,일,S,L,진구,TRUE,13:00,5,3,28170,2:50
2022,6,5,FALSE,일,DB,E,요코하마 스타디움,TRUE,14:00,5,6,27125,3:48
2022,6,5,FALSE,일,T,F,고시엔,TRUE,14:00,8,3,42586,3:14
2022,6,5,FALSE,일,G,M,도쿄 돔,TRUE,14:00,4,10,40509,3:06
2022,6,5,FALSE,일,C,B,마쓰다 스타디움,TRUE,13:30,2,5,30377,3:18
2022,6,5,FALSE,일,D,H,반테린 돔,TRUE,14:00,7,3,36190,3:12
2022,6,7,FALSE,화,B,S,교세라 돔,TRUE,18:00,6,1,11435,2:46
2022,6,7,FALSE,화,H,T,PayPay 돔,TRUE,18:00,0,2,29448,3:04
2022,6,7,FALSE,화,L,G,베루나 돔,TRUE,18:00,9,4,16975,3:20
2022,6,7,FALSE,화,E,C,라쿠텐 생명 파크,TRUE,18:00,1,3,14558,2:37
2022,6,7,FALSE,화,M,D,ZOZO 마린,TRUE,18:00,6,2,14704,3:09
2022,6,7,FALSE,화,F,DB,삿포로 돔,TRUE,18:00,0,2,13592,2:32
2022,6,8,FALSE,수,B,S,교세라 돔,TRUE,18:00,3,6,11517,3:07
2022,6,8,FALSE,수,H,T,PayPay 돔,TRUE,18:00,1,0,30404,3:13
2022,6,8,FALSE,수,L,G,베루나 돔,TRUE,18:00,3,0,16809,2:21
2022,6,8,FALSE,수,E,C,라쿠텐 생명 파크,TRUE,18:00,1,0,15044,3:40
2022,6,8,FALSE,수,M,D,ZOZO 마린,TRUE,18:00,9,6,15694,3:41
2022,6,8,FALSE,수,F,DB,삿포로 돔,TRUE,18:00,5,3,11859,3:13
2022,6,9,FALSE,목,B,S,교세라 돔,TRUE,18:00,1,2,11376,3:11
2022,6,9,FALSE,목,H,T,PayPay 돔,TRUE,18:00,4,0,29675,3:07
2022,6,9,FALSE,목,L,G,베루나 돔,TRUE,18:00,3,4,16959,3:20
2022,6,9,FALSE,목,E,C,라쿠텐 생명 파크,TRUE,18:00,4,1,15186,3:26
2022,6,9,FALSE,목,M,D,ZOZO 마린,TRUE,18:00,2,0,14951,2:33
2022,6,9,FALSE,목,F,DB,삿포로 돔,TRUE,18:00,2,4,12927,3:19
2022,6,10,FALSE,금,B,T,교세라 돔,TRUE,18:00,1,6,22775,3:34
2022,6,10,FALSE,금,H,S,PayPay 돔,TRUE,18:00,1,3,30026,3:08
2022,6,10,FALSE,금,L,C,베루나 돔,TRUE,18:00,3,6,17994,3:15
2022,6,10,FALSE,금,E,G,라쿠텐 생명 파크,TRUE,18:00,1,4,19259,2:25
2022,6,10,FALSE,금,M,DB,ZOZO 마린,TRUE,18:00,2,1,21664,3:01
2022,6,10,FALSE,금,F,D,삿포로 돔,TRUE,18:00,2,1,12673,3:26
2022,6,11,FALSE,토,B,T,교세라 돔,TRUE,18:00,2,3,33323,4:19
2022,6,11,FALSE,토,H,S,PayPay 돔,TRUE,14:00,4,7,38683,3:17
2022,6,11,FALSE,토,L,C,베루나 돔,TRUE,14:00,2,1,24039,3:31
2022,6,11,FALSE,토,E,G,라쿠텐 생명 파크,TRUE,14:00,8,1,25585,3:17
2022,6,11,FALSE,토,M,DB,ZOZO 마린,TRUE,14:00,1,2,28116,3:38
2022,6,11,FALSE,토,F,D,삿포로 돔,TRUE,14:00,10,0,21632,3:16
2022,6,12,FALSE,일,B,T,교세라 돔,TRUE,14:00,1,9,31855,2:35
2022,6,12,FALSE,일,H,S,PayPay 돔,TRUE,13:00,0,3,38777,2:52
2022,6,12,FALSE,일,L,C,베루나 돔,TRUE,13:00,11,0,22139,3:04
2022,6,12,FALSE,일,E,G,라쿠텐 생명 파크,TRUE,13:00,9,2,22870,2:41
2022,6,12,FALSE,일,M,DB,ZOZO 마린,TRUE,14:00,5,4,24160,3:09
2022,6,12,FALSE,일,F,D,삿포로 돔,TRUE,14:00,2,0,17687,2:30
2022,6,17,FALSE,금,H,E,PayPay 돔,TRUE,18:00,9,4,31322,3:18
2022,6,17,FALSE,금,L,B,베루나 돔,TRUE,18:00,4,2,14360,2:47
2022,6,17,FALSE,금,F,M,삿포로 돔,TRUE,18:00,4,7,15692,4:01
2022,6,17,FALSE,금,S,C,진구,TRUE,18:00,7,2,23522,3:04
2022,6,17,FALSE,금,T,DB,고시엔,TRUE,18:00,7,5,37803,3:13
2022,6,17,FALSE,금,D,G,반테린 돔,TRUE,18:00,2,0,25125,2:25
2022,6,18,FALSE,토,H,E,PayPay 돔,TRUE,14:00,3,1,31057,3:26
2022,6,18,FALSE,토,L,B,베루나 돔,TRUE,14:00,0,2,16075,2:45
2022,6,18,FALSE,토,F,M,삿포로 돔,TRUE,14:00,1,3,22014,3:08
2022,6,18,FALSE,토,S,C,진구,TRUE,14:00,10,6,25826,3:57
2022,6,18,FALSE,토,T,DB,고시엔,TRUE,14:00,4,1,37874,2:32
2022,6,18,FALSE,토,D,G,반테린 돔,TRUE,14:00,4,3,34290,3:57
2022,6,19,FALSE,일,H,E,PayPay 돔,TRUE,13:00,4,1,31595,2:37
2022,6,19,FALSE,일,L,B,베루나 돔,TRUE,13:00,3,2,16949,2:46
2022,6,19,FALSE,일,F,M,삿포로 돔,TRUE,14:00,2,4,16776,2:58
2022,6,19,FALSE,일,S,C,진구,TRUE,13:00,8,3,26618,2:54
2022,6,19,FALSE,일,T,DB,고시엔,TRUE,14:00,4,7,37468,3:28
2022,6,19,FALSE,일,D,G,반테린 돔,TRUE,14:00,3,5,31590,3:10
2022,6,21,FALSE,화,B,H,교세라 돔,TRUE,18:00,4,3,16335,2:50
2022,6,21,FALSE,화,E,F,아키타,FALSE,18:00,3,0,17128,3:04
2022,6,21,FALSE,화,M,L,ZOZO 마린,TRUE,18:00,0,3,13060,2:37
2022,6,21,FALSE,화,G,DB,도쿄 돔,TRUE,18:00,1,3,34503,3:26
2022,6,21,FALSE,화,C,T,마쓰다 스타디움,TRUE,18:00,5,3,24339,2:53
2022,6,21,FALSE,화,D,S,반테린 돔,TRUE,18:00,2,1,19725,2:59
2022,6,22,FALSE,수,B,H,교세라 돔,TRUE,18:00,5,0,16252,2:33
2022,6,22,FALSE,수,E,F,모리오카,FALSE,18:00,6,3,15585,3:13
2022,6,22,FALSE,수,M,L,ZOZO 마린,TRUE,18:00,2,1,15464,3:00
2022,6,22,FALSE,수,G,DB,도쿄 돔,TRUE,18:00,5,4,29782,2:58
2022,6,22,FALSE,수,C,T,마쓰다 스타디움,TRUE,18:00,5,4,27363,3:56
2022,6,22,FALSE,수,D,S,반테린 돔,TRUE,18:00,3,7,21122,3:13
2022,6,23,FALSE,목,G,DB,도쿄 돔,TRUE,18:00,5,7,26334,3:25
2022,6,23,FALSE,목,C,T,마쓰다 스타디움,TRUE,18:00,3,3,24194,4:52
2022,6,23,FALSE,목,D,S,반테린 돔,TRUE,18:00,0,10,18595,3:05
2022,6,24,FALSE,금,H,F,PayPay 돔,TRUE,18:00,5,1,33481,3:17
2022,6,24,FALSE,금,E,L,라쿠텐 생명 파크,TRUE,18:00,3,4,18045,3:27
2022,6,24,FALSE,금,M,B,ZOZO 마린,TRUE,18:00,0,5,24038,2:56
2022,6,24,FALSE,금,S,G,진구,TRUE,18:00,16,6,26767,3:26
2022,6,24,FALSE,금,DB,C,요코하마 스타디움,TRUE,18:00,0,7,27917,2:41
2022,6,24,FALSE,금,T,D,고시엔,TRUE,18:00,6,4,34757,3:32
2022,6,25,FALSE,토,H,F,PayPay 돔,TRUE,18:00,3,0,35637,2:47
2022,6,25,FALSE,토,E,L,라쿠텐 생명 파크,TRUE,14:00,0,2,24914,2:46
2022,6,25,FALSE,토,M,B,ZOZO 마린,TRUE,14:00,0,4,23873,2:51
2022,6,25,FALSE,토,S,G,진구,TRUE,14:00,5,19,27159,3:34
2022,6,25,FALSE,토,DB,C,요코하마 스타디움,TRUE,14:00,4,5,24015,3:35
2022,6,25,FALSE,토,T,D,고시엔,TRUE,14:00,10,0,37553,3:21
2022,6,26,FALSE,일,H,F,PayPay 돔,TRUE,14:00,2,3,34087,3:57
2022,6,26,FALSE,일,E,L,라쿠텐 생명 파크,TRUE,13:00,0,2,22367,2:54
2022,6,26,FALSE,일,M,B,ZOZO 마린,TRUE,14:00,3,2,21767,3:46
2022,6,26,FALSE,일,S,G,진구,TRUE,13:00,11,10,25440,4:02
2022,6,26,FALSE,일,DB,C,요코하마 스타디움,TRUE,14:00,3,4,22767,4:20
2022,6,26,FALSE,일,T,D,고시엔,TRUE,14:00,6,5,42085,4:16
2022,6,27,FALSE,월,H,M,도쿄 돔,TRUE,18:00,1,8,41791,3:13
2022,6,28,FALSE,화,B,E,홋토못토,FALSE,18:00,2,4,16961,3:06
2022,6,28,FALSE,화,L,F,베루나 돔,TRUE,18:00,5,2,10520,3:22
2022,6,28,FALSE,화,DB,T,요코하마 스타디움,TRUE,18:00,6,2,24207,2:58
2022,6,28,FALSE,화,G,D,山形,FALSE,18:00,6,2,11562,3:23
2022,6,28,FALSE,화,C,S,마쓰다 스타디움,TRUE,18:00,3,6,23883,3:14
2022,6,29,FALSE,수,B,E,홋토못토,FALSE,18:00,6,1,17093,3:09
2022,6,29,FALSE,수,L,F,베루나 돔,TRUE,18:00,6,2,10786,2:37
2022,6,29,FALSE,수,DB,T,요코하마 스타디움,TRUE,18:00,4,2,24210,2:44
2022,6,29,FALSE,수,G,D,고리야마,FALSE,18:00,2,3,10575,4:12
2022,6,29,FALSE,수,C,S,마쓰다 스타디움,TRUE,18:00,2,9,24052,3:17
2022,6,30,FALSE,목,DB,T,요코하마 스타디움,TRUE,,6,5,23604,3:59
2022,6,30,FALSE,목,C,S,마쓰다 스타디움,TRUE,,2,4,24100,3:59
2022,7,1,FALSE,금,M,E,ZOZO 마린,TRUE,18:00,6,4,20194,3:34
2022,7,1,FALSE,금,F,B,삿포로 돔,TRUE,18:00,2,1,13934,2:56
2022,7,1,FALSE,금,S,DB,진구,TRUE,18:00,4,6,25184,3:08
2022,7,1,FALSE,금,C,G,마쓰다 스타디움,TRUE,18:00,5,3,30263,3:30
2022,7,1,FALSE,금,D,T,반테린 돔,TRUE,18:00,3,1,20984,3:20
2022,7,2,FALSE,토,L,H,베루나 돔,TRUE,18:00,2,3,19768,3:13
2022,7,2,FALSE,토,M,E,ZOZO 마린,TRUE,14:00,3,1,19090,3:09
2022,7,2,FALSE,토,F,B,삿포로 돔,TRUE,14:00,5,0,30223,2:39
2022,7,2,FALSE,토,S,DB,진구,TRUE,18:00,2,1,27287,3:08
2022,7,2,FALSE,토,C,G,마쓰다 스타디움,TRUE,14:00,2,0,30465,2:55
2022,7,2,FALSE,토,D,T,반테린 돔,TRUE,14:00,2,5,29451,3:04
2022,7,3,FALSE,일,L,H,베루나 돔,TRUE,13:00,0,3,26532,2:23
2022,7,3,FALSE,일,M,E,ZOZO 마린,TRUE,14:00,1,14,17389,3:28
2022,7,3,FALSE,일,F,B,삿포로 돔,TRUE,14:00,3,7,14240,3:31
2022,7,3,FALSE,일,S,DB,진구,TRUE,18:00,11,4,17037,3:34
2022,7,3,FALSE,일,C,G,마쓰다 스타디움,TRUE,13:30,5,7,30496,3:30
2022,7,3,FALSE,일,D,T,반테린 돔,TRUE,14:00,0,3,30929,2:47
2022,7,5,FALSE,화,B,L,교세라 돔,TRUE,18:00,4,5,12033,4:09
2022,7,5,FALSE,화,E,H,弘前,FALSE,18:00,2,6,10191,3:21
2022,7,5,FALSE,화,M,F,ZOZO 마린,TRUE,18:00,2,1,12547,2:57
2022,7,5,FALSE,화,G,S,도쿄 돔,TRUE,18:00,4,1,28817,2:53
2022,7,6,FALSE,수,B,L,교세라 돔,TRUE,18:00,4,5,13368,4:16
2022,7,6,FALSE,수,M,F,ZOZO 마린,TRUE,18:00,5,4,12767,3:08
2022,7,6,FALSE,수,DB,D,요코하마 스타디움,TRUE,17:45,3,1,20281,2:50
2022,7,6,FALSE,수,T,C,고시엔,TRUE,18:00,3,2,36890,2:24
2022,7,6,FALSE,수,G,S,도쿄 돔,TRUE,18:00,4,3,30735,4:02
2022,7,7,FALSE,목,B,L,교세라 돔,TRUE,18:00,6,2,13692,3:01
2022,7,7,FALSE,목,E,H,라쿠텐 생명 파크,TRUE,18:00,5,2,20058,3:10
2022,7,7,FALSE,목,M,F,ZOZO 마린,TRUE,18:00,1,7,12234,2:50
2022,7,7,FALSE,목,DB,D,요코하마 스타디움,TRUE,17:45,0,0,24533,3:37
2022,7,7,FALSE,목,T,C,고시엔,TRUE,18:00,0,3,38277,2:51
2022,7,7,FALSE,목,G,S,도쿄 돔,TRUE,18:00,3,11,27390,3:16
2022,7,8,FALSE,금,B,M,교세라 돔,TRUE,18:00,1,6,18156,2:47
2022,7,8,FALSE,금,H,F,PayPay 돔,TRUE,18:00,2,4,33147,4:12
2022,7,8,FALSE,금,E,L,라쿠텐 생명 파크,TRUE,18:00,4,8,22605,3:29
2022,7,8,FALSE,금,S,T,진구,TRUE,18:00,0,8,29042,2:52
2022,7,8,FALSE,금,G,DB,도쿄 돔,TRUE,18:00,3,3,29808,4:02
2022,7,8,FALSE,금,D,C,반테린 돔,TRUE,18:00,9,2,20173,3:02
2022,7,9,FALSE,토,B,M,홋토못토,FALSE,18:00,3,1,24748,2:51
2022,7,9,FALSE,토,H,F,PayPay 돔,TRUE,18:00,2,7,37596,3:29
2022,7,9,FALSE,토,E,L,라쿠텐 생명 파크,TRUE,14:00,3,6,19969,3:55
2022,7,9,FALSE,토,G,DB,도쿄 돔,TRUE,14:00,0,2,39821,3:26
2022,7,9,FALSE,토,D,C,반테린 돔,TRUE,14:00,0,7,30803,2:58
2022,7,10,FALSE,일,B,M,홋토못토,FALSE,16:00,10,1,28821,3:11
2022,7,10,FALSE,일,H,F,PayPay 돔,TRUE,13:00,0,2,36543,3:07
2022,7,10,FALSE,일,E,L,라쿠텐 생명 파크,TRUE,16:00,3,6,21791,3:15
2022,7,10,FALSE,일,G,DB,도쿄 돔,TRUE,14:00,4,8,38121,4:14
2022,7,10,FALSE,일,D,C,반테린 돔,TRUE,14:00,2,1,36218,2:42
2022,7,12,FALSE,화,H,B,PayPay 돔,TRUE,18:00,2,4,30516,3:11
2022,7,12,FALSE,화,L,M,베루나 돔,TRUE,18:00,2,4,8889,3:29
2022,7,12,FALSE,화,T,G,고시엔,TRUE,18:00,0,4,38753,2:35
2022,7,12,FALSE,화,C,DB,마쓰다 스타디움,TRUE,18:00,4,7,29208,3:30
2022,7,13,FALSE,수,H,B,PayPay 돔,TRUE,18:00,4,2,29523,2:21
2022,7,13,FALSE,수,L,M,베루나 돔,TRUE,18:00,3,0,8896,3:00
2022,7,13,FALSE,수,F,E,시즈오카,FALSE,18:00,3,2,12535,3:21
2022,7,13,FALSE,수,T,G,고시엔,TRUE,18:00,13,0,39124,3:06
2022,7,13,FALSE,수,C,DB,마쓰다 스타디움,TRUE,18:00,4,1,24574,2:55
2022,7,13,FALSE,수,D,S,반테린 돔,TRUE,18:00,6,3,19482,3:02
2022,7,14,FALSE,목,H,B,PayPay 돔,TRUE,18:00,2,3,29318,2:40
2022,7,14,FALSE,목,L,M,베루나 돔,TRUE,18:00,2,1,8382,3:21
2022,7,14,FALSE,목,F,E,시즈오카,FALSE,18:00,6,0,10449,2:48
2022,7,14,FALSE,목,T,G,고시엔,TRUE,18:00,3,0,38032,2:38
2022,7,14,FALSE,목,C,DB,마쓰다 스타디움,TRUE,18:00,3,4,24479,3:17
2022,7,14,FALSE,목,D,S,반테린 돔,TRUE,18:00,4,1,18760,3:01
2022,7,15,FALSE,금,T,D,고시엔,TRUE,18:00,2,1,37436,3:16
2022,7,15,FALSE,금,G,C,도쿄 돔,TRUE,18:00,3,6,34971,3:51
2022,7,16,FALSE,토,E,B,라쿠텐 생명 파크,TRUE,14:00,7,3,18730,3:03
2022,7,16,FALSE,토,F,L,삿포로 돔,TRUE,14:00,1,0,25058,2:55
2022,7,16,FALSE,토,DB,S,요코하마 스타디움,TRUE,18:00,3,2,23615,2:54
2022,7,16,FALSE,토,T,D,고시엔,TRUE,18:00,1,3,42582,4:03
2022,7,16,FALSE,토,G,C,도쿄 돔,TRUE,14:00,4,11,40389,3:23
2022,7,17,FALSE,일,E,B,라쿠텐 생명 파크,TRUE,13:00,3,7,18158,3:44
2022,7,17,FALSE,일,M,H,ZOZO 마린,TRUE,17:00,3,5,23570,3:43
2022,7,17,FALSE,일,F,L,삿포로 돔,TRUE,13:00,3,4,25233,3:24
2022,7,17,FALSE,일,DB,S,요코하마 스타디움,TRUE,18:00,10,2,26424,3:15
2022,7,17,FALSE,일,T,D,고시엔,TRUE,18:00,3,1,42601,2:47
2022,7,17,FALSE,일,G,C,도쿄 돔,TRUE,14:00,5,10,40564,3:20
2022,7,18,TRUE,월,E,B,라쿠텐 생명 파크,TRUE,14:00,8,3,17774,3:40
2022,7,18,TRUE,월,M,H,ZOZO 마린,TRUE,17:00,2,1,14664,2:54
2022,7,18,TRUE,월,F,L,삿포로 돔,TRUE,13:00,1,5,20539,3:26
2022,7,18,TRUE,월,S,G,진구,TRUE,18:00,8,10,24871,3:42
2022,7,18,TRUE,월,D,DB,반테린 돔,TRUE,18:00,1,2,18755,2:57
2022,7,19,FALSE,화,B,F,교세라 돔,TRUE,18:00,7,1,15516,3:28
2022,7,19,FALSE,화,M,L,ZOZO 마린,TRUE,18:00,5,3,12854,3:18
2022,7,19,FALSE,화,S,G,진구,TRUE,18:00,5,3,20474,3:13
2022,7,19,FALSE,화,C,T,마쓰다 스타디움,TRUE,18:00,0,3,25122,2:33
2022,7,19,FALSE,화,D,DB,반테린 돔,TRUE,18:00,3,2,17868,3:07
2022,7,20,FALSE,수,B,F,교세라 돔,TRUE,18:00,2,0,16050,2:35
2022,7,20,FALSE,수,H,E,기타큐슈,FALSE,18:00,3,17,16725,3:39
2022,7,20,FALSE,수,M,L,ZOZO 마린,TRUE,18:00,8,4,14335,2:50
2022,7,20,FALSE,수,S,G,진구,TRUE,18:00,8,2,22741,3:13
2022,7,20,FALSE,수,C,T,마쓰다 스타디움,TRUE,18:00,5,3,25884,3:09
2022,7,20,FALSE,수,D,DB,반테린 돔,TRUE,18:00,4,6,20791,3:20
2022,7,21,FALSE,목,B,F,교세라 돔,TRUE,18:00,4,3,15445,3:00
2022,7,21,FALSE,목,H,E,PayPay 돔,TRUE,18:00,7,0,29254,3:27
2022,7,21,FALSE,목,M,L,ZOZO 마린,TRUE,18:00,5,4,15092,3:20
2022,7,22,FALSE,금,B,H,교세라 돔,TRUE,18:00,5,7,18563,3:59
2022,7,22,FALSE,금,L,E,베루나 돔,TRUE,18:00,9,4,19546,3:49
2022,7,22,FALSE,금,S,C,진구,TRUE,18:00,2,5,26735,3:38
2022,7,22,FALSE,금,T,DB,고시엔,TRUE,18:00,6,3,37584,3:04
2022,7,23,FALSE,토,B,H,교세라 돔,TRUE,18:00,5,0,26189,3:11
2022,7,23,FALSE,토,L,E,베루나 돔,TRUE,18:00,3,3,26641,4:21
2022,7,23,FALSE,토,F,M,삿포로 돔,TRUE,15:00,6,7,24326,3:38
2022,7,23,FALSE,토,S,C,진구,TRUE,18:00,3,15,29679,3:20
2022,7,23,FALSE,토,T,DB,고시엔,TRUE,18:00,3,1,38077,3:03
2022,7,24,FALSE,일,B,H,교세라 돔,TRUE,13:00,7,4,24724,4:02
2022,7,24,FALSE,일,L,E,베루나 돔,TRUE,18:00,2,9,13973,3:17
2022,7,24,FALSE,일,F,M,삿포로 돔,TRUE,14:00,5,4,18343,2:50
2022,7,24,FALSE,일,S,C,진구,TRUE,18:00,4,2,23871,2:44
2022,7,24,FALSE,일,T,DB,고시엔,TRUE,18:00,1,0,34085,2:37
2022,7,29,FALSE,금,H,L,PayPay 돔,TRUE,18:00,2,5,34651,3:19
2022,7,29,FALSE,금,E,F,라쿠텐 생명 파크,TRUE,18:00,1,2,21057,3:08
2022,7,29,FALSE,금,M,B,ZOZO 마린,TRUE,18:00,8,9,20822,4:36
2022,7,29,FALSE,금,T,S,고시엔,TRUE,18:00,6,0,35426,3:11
2022,7,29,FALSE,금,C,D,마쓰다 스타디움,TRUE,18:00,0,9,28790,3:17
2022,7,30,FALSE,토,H,L,PayPay 돔,TRUE,14:00,0,6,32535,3:14
2022,7,30,FALSE,토,E,F,라쿠텐 생명 파크,TRUE,18:00,7,0,26136,3:06
2022,7,30,FALSE,토,M,B,ZOZO 마린,TRUE,17:00,4,6,19043,3:13
2022,7,30,FALSE,토,T,S,고시엔,TRUE,18:00,7,3,40653,3:15
2022,7,30,FALSE,토,C,D,마쓰다 스타디움,TRUE,18:00,0,3,30376,3:23
2022,7,31,FALSE,일,H,L,PayPay 돔,TRUE,13:00,4,2,32380,3:23
2022,7,31,FALSE,일,E,F,라쿠텐 생명 파크,TRUE,17:00,10,5,20105,3:32
2022,7,31,FALSE,일,M,B,ZOZO 마린,TRUE,17:00,2,5,21375,3:19
2022,7,31,FALSE,일,T,S,고시엔,TRUE,18:00,2,4,36331,3:41
2022,7,31,FALSE,일,C,D,마쓰다 스타디움,TRUE,18:00,5,6,30105,4:17
2022,8,2,FALSE,화,L,B,베루나 돔,TRUE,18:00,4,2,9206,3:26
2022,8,2,FALSE,화,E,M,라쿠텐 생명 파크,TRUE,18:00,4,6,16560,3:41
2022,8,2,FALSE,화,F,H,아사히카와,FALSE,18:00,6,5,13046,3:18
2022,8,2,FALSE,화,S,D,진구,TRUE,18:00,5,0,19033,2:45
2022,8,2,FALSE,화,DB,C,요코하마 스타디움,TRUE,17:45,5,2,31948,3:15
2022,8,2,FALSE,화,G,T,도쿄 돔,TRUE,18:00,3,6,31843,2:44
2022,8,3,FALSE,수,L,B,베루나 돔,TRUE,18:00,3,1,10237,2:43
2022,8,3,FALSE,수,E,M,라쿠텐 생명 파크,TRUE,18:00,5,4,15717,3:34
2022,8,3,FALSE,수,F,H,삿포로 돔,TRUE,18:00,5,1,13964,2:34
2022,8,3,FALSE,수,S,D,진구,TRUE,18:00,9,7,20650,3:54
2022,8,3,FALSE,수,DB,C,요코하마 스타디움,TRUE,17:45,6,5,31581,4:10
2022,8,3,FALSE,수,G,T,도쿄 돔,TRUE,18:00,1,2,32216,2:35
2022,8,4,FALSE,목,L,B,베루나 돔,TRUE,18:00,3,2,8018,3:01
2022,8,4,FALSE,목,E,M,라쿠텐 생명 파크,TRUE,18:00,10,1,15038,2:42
2022,8,4,FALSE,목,F,H,삿포로 돔,TRUE,18:00,3,3,12255,4:57
2022,8,4,FALSE,목,G,T,도쿄 돔,TRUE,18:00,7,0,32264,2:38
2022,8,5,FALSE,금,B,F,교세라 돔,TRUE,18:00,5,2,18485,2:42
2022,8,5,FALSE,금,H,E,PayPay 돔,TRUE,18:00,7,3,27439,3:54
2022,8,5,FALSE,금,L,M,베루나 돔,TRUE,18:00,4,3,12619,3:36
2022,8,5,FALSE,금,S,G,진구,TRUE,18:00,5,9,28996,3:25
2022,8,5,FALSE,금,C,T,마쓰다 스타디움,TRUE,18:00,2,3,30396,3:21
2022,8,5,FALSE,금,D,DB,반테린 돔,TRUE,18:00,2,4,22517,3:03
2022,8,6,FALSE,토,B,F,교세라 돔,TRUE,14:00,3,1,26551,3:23
2022,8,6,FALSE,토,H,E,PayPay 돔,TRUE,14:00,9,1,29578,3:36
2022,8,6,FALSE,토,L,M,베루나 돔,TRUE,17:00,1,2,19743,2:47
2022,8,6,FALSE,토,S,G,진구,TRUE,18:00,2,3,29626,3:25
2022,8,6,FALSE,토,C,T,마쓰다 스타디움,TRUE,18:00,6,5,30504,3:35
2022,8,6,FALSE,토,D,DB,반테린 돔,TRUE,14:00,0,1,28944,3:22
2022,8,7,FALSE,일,B,F,교세라 돔,TRUE,13:00,3,5,24979,3:22
2022,8,7,FALSE,일,H,E,PayPay 돔,TRUE,13:00,2,7,29544,3:27
2022,8,7,FALSE,일,L,M,베루나 돔,TRUE,17:00,10,4,22737,3:30
2022,8,7,FALSE,일,S,G,진구,TRUE,18:00,4,7,29460,3:33
2022,8,7,FALSE,일,C,T,마쓰다 스타디움,TRUE,18:00,5,7,30433,4:04
2022,8,7,FALSE,일,D,DB,반테린 돔,TRUE,14:00,5,0,32899,2:55
2022,8,9,FALSE,화,B,E,교세라 돔,TRUE,18:00,5,1,16347,3:00
2022,8,9,FALSE,화,M,H,ZOZO 마린,TRUE,18:00,0,3,19274,2:39
2022,8,9,FALSE,화,F,L,삿포로 돔,TRUE,18:00,5,3,15953,2:37
2022,8,9,FALSE,화,DB,T,요코하마 스타디움,TRUE,18:00,3,2,23530,3:01
2022,8,9,FALSE,화,C,S,마쓰다 스타디움,TRUE,18:00,2,0,29620,2:42
2022,8,9,FALSE,화,D,G,반테린 돔,TRUE,18:00,3,2,24521,3:03
2022,8,10,FALSE,수,B,E,교세라 돔,TRUE,18:00,1,2,17766,3:42
2022,8,10,FALSE,수,M,H,ZOZO 마린,TRUE,18:00,3,4,23116,3:04
2022,8,10,FALSE,수,F,L,삿포로 돔,TRUE,18:00,2,2,20711,4:49
2022,8,10,FALSE,수,DB,T,요코하마 스타디움,TRUE,18:00,3,0,26189,2:55
2022,8,10,FALSE,수,C,S,마쓰다 스타디움,TRUE,18:00,4,1,30288,2:59
2022,8,10,FALSE,수,D,G,반테린 돔,TRUE,18:00,1,2,25352,2:39
2022,8,11,TRUE,목,B,E,교세라 돔,TRUE,14:00,6,1,24037,2:39
2022,8,11,TRUE,목,M,H,ZOZO 마린,TRUE,17:00,3,4,19337,3:40
2022,8,11,TRUE,목,F,L,삿포로 돔,TRUE,14:00,3,2,33754,2:53
2022,8,11,TRUE,목,DB,T,요코하마 스타디움,TRUE,17:00,4,1,32275,2:47
2022,8,11,TRUE,목,C,S,마쓰다 스타디움,TRUE,18:00,6,3,30574,3:05
2022,8,11,TRUE,목,D,G,반테린 돔,TRUE,14:00,1,6,32194,3:23
2022,8,12,FALSE,금,H,B,PayPay 돔,TRUE,18:00,3,6,32339,3:27
2022,8,12,FALSE,금,E,L,라쿠텐 생명 파크,TRUE,18:00,1,5,21128,3:15
2022,8,12,FALSE,금,M,F,ZOZO 마린,TRUE,18:00,3,2,25401,3:51
2022,8,12,FALSE,금,S,DB,진구,TRUE,18:00,3,4,26915,3:36
2022,8,12,FALSE,금,T,D,교세라 돔,TRUE,18:00,0,4,32662,2:45
2022,8,12,FALSE,금,G,C,도쿄 돔,TRUE,18:00,5,6,36508,3:22
2022,8,13,FALSE,토,H,B,PayPay 돔,TRUE,14:00,5,4,32513,3:41
2022,8,13,FALSE,토,E,L,라쿠텐 생명 파크,TRUE,18:00,4,6,19659,3:40
2022,8,13,FALSE,토,T,D,교세라 돔,TRUE,18:00,0,2,34104,3:04
2022,8,13,FALSE,토,G,C,도쿄 돔,TRUE,14:00,4,1,39717,3:06
2022,8,14,FALSE,일,H,B,PayPay 돔,TRUE,13:00,2,10,33124,2:53
2022,8,14,FALSE,일,E,L,라쿠텐 생명 파크,TRUE,17:00,4,3,19366,3:02
2022,8,14,FALSE,일,M,F,ZOZO 마린,TRUE,17:00,3,8,28259,3:38
2022,8,14,FALSE,일,S,DB,진구,TRUE,18:00,4,1,28247,3:08
2022,8,14,FALSE,일,T,D,교세라 돔,TRUE,18:00,4,5,30089,3:06
2022,8,14,FALSE,일,G,C,도쿄 돔,TRUE,14:00,3,2,40060,3:14
2022,8,16,FALSE,화,B,M,홋토못토,FALSE,18:00,0,4,23843,2:32
2022,8,16,FALSE,화,L,H,베루나 돔,TRUE,18:00,2,0,18340,2:34
2022,8,16,FALSE,화,F,E,삿포로 돔,TRUE,18:00,1,2,17859,2:46
2022,8,16,FALSE,화,S,T,진구,TRUE,18:00,5,3,25990,3:20
2022,8,16,FALSE,화,DB,G,요코하마 스타디움,TRUE,18:00,3,1,25936,3:14
2022,8,16,FALSE,화,C,D,마쓰다 스타디움,TRUE,18:00,5,0,30005,3:00
2022,8,17,FALSE,수,L,H,베루나 돔,TRUE,18:00,3,5,13258,3:16
2022,8,17,FALSE,수,F,E,삿포로 돔,TRUE,18:00,2,8,17341,3:54
2022,8,17,FALSE,수,S,T,진구,TRUE,18:00,4,2,21543,2:45
2022,8,17,FALSE,수,DB,G,요코하마 스타디움,TRUE,18:00,7,3,20463,2:58
2022,8,17,FALSE,수,C,D,마쓰다 스타디움,TRUE,18:00,1,0,27451,3:49
2022,8,18,FALSE,목,L,H,베루나 돔,TRUE,18:00,8,5,13372,3:22
2022,8,18,FALSE,목,F,E,삿포로 돔,TRUE,18:00,1,2,17632,3:26
2022,8,18,FALSE,목,S,T,진구,TRUE,18:00,2,10,22428,3:32
2022,8,18,FALSE,목,DB,G,요코하마 스타디움,TRUE,18:00,4,3,21198,3:02
2022,8,18,FALSE,목,C,D,마쓰다 스타디움,TRUE,18:00,1,6,28283,3:21
2022,8,19,FALSE,금,H,F,PayPay 돔,TRUE,18:00,7,2,32806,3:03
2022,8,19,FALSE,금,L,B,베루나 돔,TRUE,18:00,3,4,18793,3:19
2022,8,19,FALSE,금,E,M,라쿠텐 생명 파크,TRUE,18:00,5,6,21215,3:15
2022,8,19,FALSE,금,DB,C,요코하마 스타디움,TRUE,18:00,8,3,23458,3:23
2022,8,19,FALSE,금,G,T,도쿄 돔,TRUE,18:00,0,4,36043,2:50
2022,8,19,FALSE,금,D,S,반테린 돔,TRUE,18:00,4,3,29929,3:24
2022,8,20,FALSE,토,H,F,PayPay 돔,TRUE,18:00,9,3,32247,3:43
2022,8,20,FALSE,토,L,B,베루나 돔,TRUE,17:00,0,6,19784,2:51
2022,8,20,FALSE,토,E,M,라쿠텐 생명 파크,TRUE,18:00,5,2,22874,2:48
2022,8,20,FALSE,토,DB,C,요코하마 스타디움,TRUE,18:00,6,5,25909,3:47
2022,8,20,FALSE,토,G,T,도쿄 돔,TRUE,14:00,1,5,40630,3:10
2022,8,20,FALSE,토,D,S,반테린 돔,TRUE,14:00,2,7,31166,3:11
2022,8,21,FALSE,일,H,F,PayPay 돔,TRUE,14:00,5,1,35191,2:45
2022,8,21,FALSE,일,L,B,베루나 돔,TRUE,17:00,3,1,15879,3:23
2022,8,21,FALSE,일,E,M,라쿠텐 생명 파크,TRUE,17:00,1,0,18449,2:40
2022,8,21,FALSE,일,DB,C,요코하마 스타디움,TRUE,18:00,3,0,19514,3:04
2022,8,21,FALSE,일,G,T,도쿄 돔,TRUE,14:00,1,6,40268,3:31
2022,8,21,FALSE,일,D,S,반테린 돔,TRUE,14:00,5,2,32572,3:20
2022,8,23,FALSE,화,E,H,라쿠텐 생명 파크,TRUE,18:00,6,15,16801,3:34
2022,8,23,FALSE,화,M,L,ZOZO 마린,TRUE,18:00,4,5,17385,3:10
2022,8,23,FALSE,화,F,B,구시로,FALSE,13:00,0,0,8770,3:06
2022,8,23,FALSE,화,S,C,진구,TRUE,18:00,5,4,21507,3:34
2022,8,23,FALSE,화,T,DB,교세라 돔,TRUE,18:00,0,4,29105,3:23
2022,8,23,FALSE,화,G,D,도쿄 돔,TRUE,18:00,6,0,29343,2:55
2022,8,24,FALSE,수,E,H,라쿠텐 생명 파크,TRUE,18:00,3,4,16259,4:19
2022,8,24,FALSE,수,M,L,ZOZO 마린,TRUE,18:00,5,2,17456,3:34
2022,8,24,FALSE,수,F,B,히로시마,FALSE,13:00,4,5,8553,3:16
2022,8,24,FALSE,수,S,C,진구,TRUE,18:00,6,2,20197,3:22
2022,8,24,FALSE,수,T,DB,교세라 돔,TRUE,18:00,0,4,24358,3:09
2022,8,24,FALSE,수,G,D,도쿄 돔,TRUE,18:00,1,4,28813,3:10
2022,8,25,FALSE,목,E,H,라쿠텐 생명 파크,TRUE,18:00,7,5,14312,3:08
2022,8,25,FALSE,목,M,L,ZOZO 마린,TRUE,18:00,6,5,16751,3:24
2022,8,25,FALSE,목,S,C,진구,TRUE,18:00,2,3,21365,3:43
2022,8,25,FALSE,목,T,DB,교세라 돔,TRUE,18:00,5,0,22039,3:12
2022,8,25,FALSE,목,G,D,도쿄 돔,TRUE,18:00,2,1,31216,2:54
2022,8,26,FALSE,금,B,L,교세라 돔,TRUE,18:00,2,3,20700,3:35
2022,8,26,FALSE,금,M,E,ZOZO 마린,TRUE,18:00,2,0,24313,2:35
2022,8,26,FALSE,금,F,H,삿포로 돔,TRUE,18:00,0,10,16998,3:39
2022,8,26,FALSE,금,DB,S,요코하마 스타디움,TRUE,18:00,3,6,31775,3:03
2022,8,26,FALSE,금,C,G,마쓰다 스타디움,TRUE,18:00,3,4,30457,3:22
2022,8,26,FALSE,금,D,T,반테린 돔,TRUE,18:00,5,2,26637,3:26
2022,8,27,FALSE,토,B,L,교세라 돔,TRUE,14:00,6,0,23503,2:26
2022,8,27,FALSE,토,M,E,ZOZO 마린,TRUE,17:00,3,11,25912,3:02
2022,8,27,FALSE,토,F,H,삿포로 돔,TRUE,14:00,2,0,23136,2:44
2022,8,27,FALSE,토,DB,S,요코하마 스타디움,TRUE,18:00,4,16,32426,3:49
2022,8,27,FALSE,토,C,G,마쓰다 스타디움,TRUE,18:00,6,4,30556,3:11
2022,8,27,FALSE,토,D,T,반테린 돔,TRUE,14:00,1,5,32028,3:16
2022,8,28,FALSE,일,B,L,교세라 돔,TRUE,13:00,4,10,23072,3:41
2022,8,28,FALSE,일,M,E,ZOZO 마린,TRUE,16:00,9,2,26771,2:58
2022,8,28,FALSE,일,F,H,삿포로 돔,TRUE,14:00,0,6,19024,3:20
2022,8,28,FALSE,일,DB,S,요코하마 스타디움,TRUE,18:00,4,5,24277,4:03
2022,8,28,FALSE,일,C,G,마쓰다 스타디움,TRUE,18:00,6,4,30437,3:48
2022,8,28,FALSE,일,D,T,반테린 돔,TRUE,14:00,4,1,34964,3:17
2022,8,29,FALSE,월,H,M,교세라 돔,TRUE,18:00,2,3,35097,3:06
2022,8,30,FALSE,화,L,F,베루나 돔,TRUE,18:00,3,1,13390,2:38
2022,8,30,FALSE,화,E,B,라쿠텐 생명 파크,TRUE,18:00,3,4,18901,3:23
2022,8,30,FALSE,화,DB,D,요코하마 스타디움,TRUE,18:00,6,0,18559,3:09
2022,8,30,FALSE,화,T,C,고시엔,TRUE,18:00,1,0,37274,2:59
2022,8,30,FALSE,화,G,S,교세라 돔,TRUE,18:00,2,4,26285,3:40
2022,8,31,FALSE,수,H,M,PayPay 돔,TRUE,18:00,0,3,28304,3:07
2022,8,31,FALSE,수,L,F,베루나 돔,TRUE,18:00,2,4,11447,3:26
2022,8,31,FALSE,수,E,B,라쿠텐 생명 파크,TRUE,18:00,3,8,13017,3:07
2022,8,31,FALSE,수,DB,D,요코하마 스타디움,TRUE,18:00,3,2,17706,3:07
2022,8,31,FALSE,수,T,C,고시엔,TRUE,18:00,6,5,34685,3:30
2022,8,31,FALSE,수,G,S,교세라 돔,TRUE,18:00,8,8,23979,5:28
2022,9,1,FALSE,목,H,M,PayPay 돔,TRUE,18:00,0,7,26007,3:20
2022,9,1,FALSE,목,E,B,라쿠텐 생명 파크,TRUE,18:00,11,8,12187,4:05
2022,9,1,FALSE,목,DB,D,요코하마 스타디움,TRUE,18:00,7,0,16800,3:12
2022,9,1,FALSE,목,T,C,고시엔,TRUE,18:00,8,0,30147,2:26
2022,9,2,FALSE,금,H,L,PayPay 돔,TRUE,18:00,4,0,28308,3:32
2022,9,2,FALSE,금,E,F,라쿠텐 생명 파크,TRUE,18:00,1,3,15068,3:15
2022,9,2,FALSE,금,M,B,ZOZO 마린,TRUE,18:00,0,1,20920,2:16
2022,9,2,FALSE,금,S,D,진구,TRUE,18:00,5,0,26968,3:20
2022,9,2,FALSE,금,T,G,고시엔,TRUE,18:00,2,2,39566,4:04
2022,9,2,FALSE,금,C,DB,마쓰다 스타디움,TRUE,18:00,2,0,30233,3:01
2022,9,3,FALSE,토,H,L,PayPay 돔,TRUE,14:00,5,2,32954,3:10
2022,9,3,FALSE,토,E,F,라쿠텐 생명 파크,TRUE,14:00,5,4,21625,3:59
2022,9,3,FALSE,토,M,B,ZOZO 마린,TRUE,17:00,3,4,27590,2:42
2022,9,3,FALSE,토,S,D,진구,TRUE,18:00,1,5,29654,3:32
2022,9,3,FALSE,토,T,G,고시엔,TRUE,18:00,1,7,42620,3:09
2022,9,3,FALSE,토,C,DB,마쓰다 스타디움,TRUE,14:00,4,0,30451,3:07
2022,9,4,FALSE,일,H,L,PayPay 돔,TRUE,13:00,1,4,33742,3:33
2022,9,4,FALSE,일,E,F,라쿠텐 생명 파크,TRUE,13:00,2,8,18748,2:59
2022,9,4,FALSE,일,M,B,ZOZO 마린,TRUE,17:00,2,5,21898,3:07
2022,9,4,FALSE,일,S,D,진구,TRUE,18:00,3,6,23811,3:35
2022,9,4,FALSE,일,T,G,고시엔,TRUE,18:00,0,2,40785,2:37
2022,9,4,FALSE,일,C,DB,마쓰다 스타디움,TRUE,13:30,7,0,30333,3:24
2022,9,6,FALSE,화,H,E,PayPay 돔,TRUE,18:00,4,2,25851,2:36
2022,9,6,FALSE,화,L,M,베루나 돔,TRUE,18:00,3,2,9882,2:34
2022,9,6,FALSE,화,F,B,삿포로 돔,TRUE,18:00,6,2,16001,3:29
2022,9,6,FALSE,화,T,S,고시엔,TRUE,18:00,6,8,34547,5:17
2022,9,6,FALSE,화,G,DB,도쿄 돔,TRUE,18:00,1,2,35505,3:57
2022,9,6,FALSE,화,D,C,반테린 돔,TRUE,18:00,2,4,23371,3:28
2022,9,7,FALSE,수,H,E,PayPay 돔,TRUE,18:00,3,4,28441,3:08
2022,9,7,FALSE,수,L,M,베루나 돔,TRUE,18:00,1,7,12497,2:56
2022,9,7,FALSE,수,F,B,삿포로 돔,TRUE,18:00,3,2,16203,3:29
2022,9,7,FALSE,수,T,S,고시엔,TRUE,18:00,9,1,36796,3:10
2022,9,7,FALSE,수,G,DB,도쿄 돔,TRUE,18:00,18,3,34441,3:15
2022,9,7,FALSE,수,D,C,반테린 돔,TRUE,18:00,1,3,25219,3:16
2022,9,8,FALSE,목,H,E,PayPay 돔,TRUE,18:00,3,7,30452,3:12
2022,9,8,FALSE,목,L,B,베루나 돔,TRUE,18:00,0,5,11112,3:17
2022,9,8,FALSE,목,M,F,ZOZO 마린,TRUE,18:00,10,2,15361,3:45
2022,9,8,FALSE,목,G,DB,도쿄 돔,TRUE,18:00,6,5,33744,3:32
2022,9,8,FALSE,목,D,C,반테린 돔,TRUE,18:00,2,0,24791,3:08
2022,9,9,FALSE,금,S,C,진구,TRUE,18:00,7,6,24694,3:23
2022,9,9,FALSE,금,DB,T,요코하마 스타디움,TRUE,18:00,9,2,29042,3:20
2022,9,9,FALSE,금,G,D,도쿄 돔,TRUE,18:00,1,3,27836,3:43
2022,9,10,FALSE,토,B,H,교세라 돔,TRUE,18:00,5,2,24457,3:11
2022,9,10,FALSE,토,L,F,베루나 돔,TRUE,14:00,1,2,27516,3:40
2022,9,10,FALSE,토,E,M,라쿠텐 생명 파크,TRUE,18:00,4,6,19274,3:29
2022,9,10,FALSE,토,S,C,진구,TRUE,18:00,7,15,29716,4:17
2022,9,10,FALSE,토,DB,T,요코하마 스타디움,TRUE,14:00,7,0,30343,3:11
2022,9,10,FALSE,토,G,D,도쿄 돔,TRUE,14:00,2,5,39754,2:52
2022,9,11,FALSE,일,B,H,교세라 돔,TRUE,14:00,3,4,23604,3:48
2022,9,11,FALSE,일,L,F,베루나 돔,TRUE,14:00,3,0,26539,3:03
2022,9,11,FALSE,일,E,M,라쿠텐 생명 파크,TRUE,14:00,3,2,20657,2:40
2022,9,11,FALSE,일,DB,S,요코하마 스타디움,TRUE,14:00,0,1,32094,3:37
2022,9,11,FALSE,일,T,D,고시엔,TRUE,18:00,5,0,37088,3:13
2022,9,11,FALSE,일,C,G,마쓰다 스타디움,TRUE,18:00,0,7,30513,3:33
2022,9,12,FALSE,월,H,L,PayPay 돔,TRUE,18:00,7,5,35642,4:06
2022,9,12,FALSE,월,E,B,라쿠텐 생명 파크,TRUE,18:00,8,2,14115,3:04
2022,9,12,FALSE,월,M,F,ZOZO 마린,TRUE,18:00,3,0,21530,2:32
2022,9,12,FALSE,월,DB,S,요코하마 스타디움,TRUE,18:00,7,1,25923,3:14
2022,9,12,FALSE,월,T,D,고시엔,TRUE,18:00,6,2,34012,3:52
2022,9,13,FALSE,화,H,L,PayPay 돔,TRUE,18:00,9,0,34614,3:17
2022,9,13,FALSE,화,E,B,라쿠텐 생명 파크,TRUE,18:00,3,3,12715,4:27
2022,9,13,FALSE,화,M,F,ZOZO 마린,TRUE,18:00,3,11,19420,3:21
2022,9,13,FALSE,화,S,G,진구,TRUE,18:00,7,9,27039,3:47
2022,9,13,FALSE,화,T,C,고시엔,TRUE,18:00,3,6,35726,3:58
2022,9,13,FALSE,화,D,DB,반테린 돔,TRUE,18:00,0,1,23967,2:51
2022,9,14,FALSE,수,H,L,PayPay 돔,TRUE,18:00,6,1,31858,2:45
2022,9,14,FALSE,수,M,F,ZOZO 마린,TRUE,18:00,8,1,18975,2:49
2022,9,14,FALSE,수,T,C,고시엔,TRUE,18:00,6,5,34584,3:37
2022,9,14,FALSE,수,D,DB,반테린 돔,TRUE,18:00,3,2,22204,2:57
2022,9,15,FALSE,목,B,F,교세라 돔,TRUE,18:00,3,2,18843,4:16
2022,9,15,FALSE,목,E,H,라쿠텐 생명 파크,TRUE,18:00,3,7,15078,3:44
2022,9,15,FALSE,목,M,L,ZOZO 마린,TRUE,18:00,8,1,20476,2:58
2022,9,16,FALSE,금,B,F,교세라 돔,TRUE,18:00,3,6,21562,3:36
2022,9,16,FALSE,금,E,H,라쿠텐 생명 파크,TRUE,18:00,2,6,16336,3:36
2022,9,16,FALSE,금,DB,C,요코하마 스타디움,TRUE,18:00,3,5,24011,3:22
2022,9,16,FALSE,금,D,S,반테린 돔,TRUE,18:00,8,0,30063,2:57
2022,9,17,FALSE,토,B,H,교세라 돔,TRUE,18:00,2,0,27019,2:23
2022,9,17,FALSE,토,L,E,베루나 돔,TRUE,18:00,0,3,24167,3:03
2022,9,17,FALSE,토,F,M,삿포로 돔,TRUE,18:00,5,4,41138,3:18
2022,9,17,FALSE,토,DB,C,요코하마 스타디움,TRUE,14:00,3,10,29875,3:40
2022,9,17,FALSE,토,G,T,도쿄 돔,TRUE,18:00,3,2,40747,2:50
2022,9,17,FALSE,토,D,S,반테린 돔,TRUE,14:00,3,3,34048,4:47
2022,9,18,FALSE,일,B,H,교세라 돔,TRUE,14:00,2,0,28252,3:03
2022,9,18,FALSE,일,L,E,베루나 돔,TRUE,14:00,3,4,27471,3:25
2022,9,18,FALSE,일,F,M,삿포로 돔,TRUE,14:00,4,7,31950,3:40
2022,9,18,FALSE,일,T,S,고시엔,TRUE,18:00,0,1,42614,3:25
2022,9,18,FALSE,일,G,DB,도쿄 돔,TRUE,14:00,1,3,40709,3:24
2022,9,19,TRUE,월,B,H,교세라 돔,TRUE,13:00,6,5,24889,4:47
2022,9,19,TRUE,월,L,E,베루나 돔,TRUE,14:00,4,6,27475,4:17
2022,9,19,TRUE,월,F,M,삿포로 돔,TRUE,14:00,4,0,35974,3:08
2022,9,19,TRUE,월,G,DB,도쿄 돔,TRUE,14:00,5,3,38385,2:27
2022,9,20,FALSE,화,L,E,베루나 돔,TRUE,18:00,4,1,14063,2:52
2022,9,20,FALSE,화,M,B,ZOZO 마린,TRUE,18:00,3,6,21035,3:17
2022,9,20,FALSE,화,F,H,삿포로 돔,TRUE,18:00,1,3,17960,2:55
2022,9,20,FALSE,화,T,DB,고시엔,TRUE,18:00,4,5,33203,3:50
2022,9,20,FALSE,화,G,S,도쿄 돔,TRUE,18:00,5,4,40751,3:05
2022,9,20,FALSE,화,C,D,마쓰다 스타디움,TRUE,18:00,3,5,11736,4:38
2022,9,21,FALSE,수,DB,G,요코하마 스타디움,TRUE,18:00,1,2,25909,3:18
2022,9,21,FALSE,수,T,C,고시엔,TRUE,18:00,4,10,42267,4:38
2022,9,21,FALSE,수,D,S,반테린 돔,TRUE,18:00,2,6,23835,3:10
2022,9,22,FALSE,목,B,M,교세라 돔,TRUE,18:00,5,13,21841,3:41
2022,9,22,FALSE,목,S,D,진구,TRUE,18:00,0,3,29082,2:59
2022,9,22,FALSE,목,DB,G,요코하마 스타디움,TRUE,18:00,3,0,24311,3:24
2022,9,23,TRUE,금,H,M,PayPay 돔,TRUE,18:00,3,6,34563,4:02
2022,9,23,TRUE,금,E,F,라쿠텐 생명 파크,TRUE,14:00,3,6,23319,4:05
2022,9,23,TRUE,금,S,DB,진구,TRUE,18:00,6,8,29402,3:16
2022,9,23,TRUE,금,C,T,마쓰다 스타디움,TRUE,18:00,3,7,30593,3:22
2022,9,23,TRUE,금,D,G,반테린 돔,TRUE,18:00,3,9,35669,3:34
2022,9,24,FALSE,토,H,M,PayPay 돔,TRUE,14:00,6,0,38250,2:58
2022,9,24,FALSE,토,E,B,라쿠텐 생명 파크,TRUE,14:00,1,9,21332,2:56
2022,9,24,FALSE,토,F,L,삿포로 돔,TRUE,18:00,2,6,32759,3:50
2022,9,24,FALSE,토,S,DB,진구,TRUE,18:00,8,1,29437,3:15
2022,9,24,FALSE,토,D,G,반테린 돔,TRUE,14:00,2,1,35180,2:47
2022,9,25,FALSE,일,H,M,PayPay 돔,TRUE,13:00,10,0,36028,3:01
2022,9,25,FALSE,일,F,E,삿포로 돔,TRUE,18:00,0,6,22619,3:05
2022,9,25,FALSE,일,S,DB,진구,TRUE,18:00,1,0,29714,3:23
2022,9,25,FALSE,일,D,G,반테린 돔,TRUE,14:00,7,1,35123,3:06
2022,9,26,FALSE,월,H,M,PayPay 돔,TRUE,18:00,2,1,39562,3:15
2022,9,26,FALSE,월,F,E,삿포로 돔,TRUE,18:00,3,2,16923,2:56
2022,9,27,FALSE,화,B,E,교세라 돔,TRUE,18:00,1,6,20092,3:01
2022,9,27,FALSE,화,L,H,베루나 돔,TRUE,18:00,4,1,24030,2:48
2022,9,27,FALSE,화,F,M,삿포로 돔,TRUE,18:00,14,0,19267,3:01
2022,9,27,FALSE,화,S,T,진구,TRUE,18:00,1,4,29355,3:33
2022,9,27,FALSE,화,DB,D,요코하마 스타디움,TRUE,17:45,8,3,25330,3:26
2022,9,28,FALSE,수,E,L,라쿠텐 생명 파크,TRUE,18:00,0,1,17313,2:49
2022,9,28,FALSE,수,F,M,삿포로 돔,TRUE,18:00,3,11,41138,3:36
2022,9,28,FALSE,수,S,T,진구,TRUE,18:00,1,2,29626,3:08
2022,9,28,FALSE,수,DB,D,요코하마 스타디움,TRUE,18:00,0,1,21757,2:45
2022,9,29,FALSE,목,E,H,라쿠텐 생명 파크,TRUE,18:00,4,5,14360,3:52
2022,9,29,FALSE,목,DB,D,요코하마 스타디움,TRUE,18:00,6,1,21695,2:49
2022,9,29,FALSE,목,C,S,마쓰다 스타디움,TRUE,18:00,4,5,23342,3:45
2022,9,30,FALSE,금,B,M,교세라 돔,TRUE,18:00,4,3,31442,3:21
2022,9,30,FALSE,금,E,H,라쿠텐 생명 파크,TRUE,18:00,1,5,18642,3:05
2022,9,30,FALSE,금,DB,D,요코하마 스타디움,TRUE,18:00,1,6,23075,3:08
2022,9,30,FALSE,금,C,S,마쓰다 스타디움,TRUE,18:00,1,5,27536,3:02
2022,10,1,FALSE,토,L,H,베루나 돔,TRUE,18:00,3,1,27313,3:45
2022,10,1,FALSE,토,DB,G,요코하마 스타디움,TRUE,17:00,1,0,32819,2:58
2022,10,2,FALSE,일,L,F,베루나 돔,TRUE,18:00,2,4,27259,3:08
2022,10,2,FALSE,일,E,B,라쿠텐 생명 파크,TRUE,18:00,2,5,25339,3:24
2022,10,2,FALSE,일,M,H,ZOZO 마린,TRUE,18:00,5,3,29312,3:27
2022,10,2,FALSE,일,DB,G,요코하마 스타디움,TRUE,14:00,2,3,32817,3:21
2022,10,2,FALSE,일,T,S,고시엔,TRUE,14:00,3,3,42539,4:10
2022,10,2,FALSE,일,C,D,마쓰다 스타디움,TRUE,14:00,0,3,28009,3:00
2022,10,3,FALSE,월,S,DB,진구,TRUE,18:00,8,2,29756,2:56
